               epoch,      train/box_loss,      train/obj_loss,      train/cls_loss,   metrics/precision,      metrics/recall,     metrics/mAP_0.5,metrics/mAP_0.5:0.95,        val/box_loss,        val/obj_loss,        val/cls_loss,               x/lr0,               x/lr1,               x/lr2
                   0,                 nan,                 nan,                 nan,                   0,                   0,                   0,                   0,                 nan,                 nan,                 nan,              0.0022,              0.0022,              0.0802
                   1,                 nan,                 nan,                 nan,                   0,                   0,                   0,                   0,                 nan,                 nan,                 nan,           0.0044852,           0.0044852,            0.059485
                   2,                 nan,                 nan,                 nan,                   0,                   0,                   0,                   0,                 nan,                 nan,                 nan,           0.0067551,           0.0067551,            0.038755
                   3,                 nan,                 nan,                 nan,                   0,                   0,                   0,                   0,                 nan,                 nan,                 nan,           0.0090099,           0.0090099,             0.01801
                   4,                 nan,                 nan,                 nan,                   0,                   0,                   0,                   0,                 nan,                 nan,                 nan,            0.009868,            0.009868,            0.009868
                   5,                 nan,                 nan,                 nan,                   0,                   0,                   0,                   0,                 nan,                 nan,                 nan,            0.009868,            0.009868,            0.009868
                   6,                 nan,                 nan,                 nan,                   0,                   0,                   0,                   0,                 nan,                 nan,                 nan,            0.009835,            0.009835,            0.009835
                   7,                 nan,                 nan,                 nan,                   0,                   0,                   0,                   0,                 nan,                 nan,                 nan,            0.009802,            0.009802,            0.009802
                   8,                 nan,                 nan,                 nan,                   0,                   0,                   0,                   0,                 nan,                 nan,                 nan,            0.009769,            0.009769,            0.009769
                   9,                 nan,                 nan,                 nan,                   0,                   0,                   0,                   0,                 nan,                 nan,                 nan,            0.009736,            0.009736,            0.009736
                  10,                 nan,                 nan,                 nan,                   0,                   0,                   0,                   0,                 nan,                 nan,                 nan,            0.009703,            0.009703,            0.009703
                  11,                 nan,                 nan,                 nan,                   0,                   0,                   0,                   0,                 nan,                 nan,                 nan,             0.00967,             0.00967,             0.00967
                  12,                 nan,                 nan,                 nan,                   0,                   0,                   0,                   0,                 nan,                 nan,                 nan,            0.009637,            0.009637,            0.009637
                  13,                 nan,                 nan,                 nan,                   0,                   0,                   0,                   0,                 nan,                 nan,                 nan,            0.009604,            0.009604,            0.009604
                  14,                 nan,                 nan,                 nan,                   0,                   0,                   0,                   0,                 nan,                 nan,                 nan,            0.009571,            0.009571,            0.009571
                  15,                 nan,                 nan,                 nan,                   0,                   0,                   0,                   0,                 nan,                 nan,                 nan,            0.009538,            0.009538,            0.009538
                  16,                 nan,                 nan,                 nan,                   0,                   0,                   0,                   0,                 nan,                 nan,                 nan,            0.009505,            0.009505,            0.009505
                  17,                 nan,                 nan,                 nan,                   0,                   0,                   0,                   0,                 nan,                 nan,                 nan,            0.009472,            0.009472,            0.009472
                  18,                 nan,                 nan,                 nan,                   0,                   0,                   0,                   0,                 nan,                 nan,                 nan,            0.009439,            0.009439,            0.009439
                  19,                 nan,                 nan,                 nan,                   0,                   0,                   0,                   0,                 nan,                 nan,                 nan,            0.009406,            0.009406,            0.009406
                  20,                 nan,                 nan,                 nan,                   0,                   0,                   0,                   0,                 nan,                 nan,                 nan,            0.009373,            0.009373,            0.009373
                  21,                 nan,                 nan,                 nan,                   0,                   0,                   0,                   0,                 nan,                 nan,                 nan,             0.00934,             0.00934,             0.00934
                  22,                 nan,                 nan,                 nan,                   0,                   0,                   0,                   0,                 nan,                 nan,                 nan,            0.009307,            0.009307,            0.009307
                  23,                 nan,                 nan,                 nan,                   0,                   0,                   0,                   0,                 nan,                 nan,                 nan,            0.009274,            0.009274,            0.009274
                  24,                 nan,                 nan,                 nan,                   0,                   0,                   0,                   0,                 nan,                 nan,                 nan,            0.009241,            0.009241,            0.009241
                  25,                 nan,                 nan,                 nan,                   0,                   0,                   0,                   0,                 nan,                 nan,                 nan,            0.009208,            0.009208,            0.009208
                  26,                 nan,                 nan,                 nan,                   0,                   0,                   0,                   0,                 nan,                 nan,                 nan,            0.009175,            0.009175,            0.009175
                  27,                 nan,                 nan,                 nan,                   0,                   0,                   0,                   0,                 nan,                 nan,                 nan,            0.009142,            0.009142,            0.009142
                  28,                 nan,                 nan,                 nan,                   0,                   0,                   0,                   0,                 nan,                 nan,                 nan,            0.009109,            0.009109,            0.009109
                  29,                 nan,                 nan,                 nan,                   0,                   0,                   0,                   0,                 nan,                 nan,                 nan,            0.009076,            0.009076,            0.009076
                  30,                 nan,                 nan,                 nan,                   0,                   0,                   0,                   0,                 nan,                 nan,                 nan,            0.009043,            0.009043,            0.009043
                  31,                 nan,                 nan,                 nan,                   0,                   0,                   0,                   0,                 nan,                 nan,                 nan,             0.00901,             0.00901,             0.00901
                  32,                 nan,                 nan,                 nan,                   0,                   0,                   0,                   0,                 nan,                 nan,                 nan,            0.008977,            0.008977,            0.008977
                  33,                 nan,                 nan,                 nan,                   0,                   0,                   0,                   0,                 nan,                 nan,                 nan,            0.008944,            0.008944,            0.008944
                  34,                 nan,                 nan,                 nan,                   0,                   0,                   0,                   0,                 nan,                 nan,                 nan,            0.008911,            0.008911,            0.008911
                  35,                 nan,                 nan,                 nan,                   0,                   0,                   0,                   0,                 nan,                 nan,                 nan,            0.008878,            0.008878,            0.008878
                  36,                 nan,                 nan,                 nan,                   0,                   0,                   0,                   0,                 nan,                 nan,                 nan,            0.008845,            0.008845,            0.008845
                  37,                 nan,                 nan,                 nan,                   0,                   0,                   0,                   0,                 nan,                 nan,                 nan,            0.008812,            0.008812,            0.008812
                  38,                 nan,                 nan,                 nan,                   0,                   0,                   0,                   0,                 nan,                 nan,                 nan,            0.008779,            0.008779,            0.008779
                  39,                 nan,                 nan,                 nan,                   0,                   0,                   0,                   0,                 nan,                 nan,                 nan,            0.008746,            0.008746,            0.008746
                  40,                 nan,                 nan,                 nan,                   0,                   0,                   0,                   0,                 nan,                 nan,                 nan,            0.008713,            0.008713,            0.008713
                  41,                 nan,                 nan,                 nan,                   0,                   0,                   0,                   0,                 nan,                 nan,                 nan,             0.00868,             0.00868,             0.00868
                  42,                 nan,                 nan,                 nan,                   0,                   0,                   0,                   0,                 nan,                 nan,                 nan,            0.008647,            0.008647,            0.008647
                  43,                 nan,                 nan,                 nan,                   0,                   0,                   0,                   0,                 nan,                 nan,                 nan,            0.008614,            0.008614,            0.008614
                  44,                 nan,                 nan,                 nan,                   0,                   0,                   0,                   0,                 nan,                 nan,                 nan,            0.008581,            0.008581,            0.008581
                  45,                 nan,                 nan,                 nan,                   0,                   0,                   0,                   0,                 nan,                 nan,                 nan,            0.008548,            0.008548,            0.008548
                  46,                 nan,                 nan,                 nan,                   0,                   0,                   0,                   0,                 nan,                 nan,                 nan,            0.008515,            0.008515,            0.008515
                  47,                 nan,                 nan,                 nan,                   0,                   0,                   0,                   0,                 nan,                 nan,                 nan,            0.008482,            0.008482,            0.008482
                  48,                 nan,                 nan,                 nan,                   0,                   0,                   0,                   0,                 nan,                 nan,                 nan,            0.008449,            0.008449,            0.008449
                  49,                 nan,                 nan,                 nan,                   0,                   0,                   0,                   0,                 nan,                 nan,                 nan,            0.008416,            0.008416,            0.008416
                  50,                 nan,                 nan,                 nan,                   0,                   0,                   0,                   0,                 nan,                 nan,                 nan,            0.008383,            0.008383,            0.008383
                  51,                 nan,                 nan,                 nan,                   0,                   0,                   0,                   0,                 nan,                 nan,                 nan,             0.00835,             0.00835,             0.00835
                  52,                 nan,                 nan,                 nan,                   0,                   0,                   0,                   0,                 nan,                 nan,                 nan,            0.008317,            0.008317,            0.008317
                  53,                 nan,                 nan,                 nan,                   0,                   0,                   0,                   0,                 nan,                 nan,                 nan,            0.008284,            0.008284,            0.008284
                  54,                 nan,                 nan,                 nan,                   0,                   0,                   0,                   0,                 nan,                 nan,                 nan,            0.008251,            0.008251,            0.008251
                  55,                 nan,                 nan,                 nan,                   0,                   0,                   0,                   0,                 nan,                 nan,                 nan,            0.008218,            0.008218,            0.008218
                  56,                 nan,                 nan,                 nan,                   0,                   0,                   0,                   0,                 nan,                 nan,                 nan,            0.008185,            0.008185,            0.008185
                  57,                 nan,                 nan,                 nan,                   0,                   0,                   0,                   0,                 nan,                 nan,                 nan,            0.008152,            0.008152,            0.008152
                  58,                 nan,                 nan,                 nan,                   0,                   0,                   0,                   0,                 nan,                 nan,                 nan,            0.008119,            0.008119,            0.008119
                  59,                 nan,                 nan,                 nan,                   0,                   0,                   0,                   0,                 nan,                 nan,                 nan,            0.008086,            0.008086,            0.008086
                  60,                 nan,                 nan,                 nan,                   0,                   0,                   0,                   0,                 nan,                 nan,                 nan,            0.008053,            0.008053,            0.008053
                  61,                 nan,                 nan,                 nan,                   0,                   0,                   0,                   0,                 nan,                 nan,                 nan,             0.00802,             0.00802,             0.00802
                  62,                 nan,                 nan,                 nan,                   0,                   0,                   0,                   0,                 nan,                 nan,                 nan,            0.007987,            0.007987,            0.007987
                  63,                 nan,                 nan,                 nan,                   0,                   0,                   0,                   0,                 nan,                 nan,                 nan,            0.007954,            0.007954,            0.007954
                  64,                 nan,                 nan,                 nan,                   0,                   0,                   0,                   0,                 nan,                 nan,                 nan,            0.007921,            0.007921,            0.007921
                  65,                 nan,                 nan,                 nan,                   0,                   0,                   0,                   0,                 nan,                 nan,                 nan,            0.007888,            0.007888,            0.007888
                  66,                 nan,                 nan,                 nan,                   0,                   0,                   0,                   0,                 nan,                 nan,                 nan,            0.007855,            0.007855,            0.007855
                  67,                 nan,                 nan,                 nan,                   0,                   0,                   0,                   0,                 nan,                 nan,                 nan,            0.007822,            0.007822,            0.007822
                  68,                 nan,                 nan,                 nan,                   0,                   0,                   0,                   0,                 nan,                 nan,                 nan,            0.007789,            0.007789,            0.007789
                  69,                 nan,                 nan,                 nan,                   0,                   0,                   0,                   0,                 nan,                 nan,                 nan,            0.007756,            0.007756,            0.007756
                  70,                 nan,                 nan,                 nan,                   0,                   0,                   0,                   0,                 nan,                 nan,                 nan,            0.007723,            0.007723,            0.007723
                  71,                 nan,                 nan,                 nan,                   0,                   0,                   0,                   0,                 nan,                 nan,                 nan,             0.00769,             0.00769,             0.00769
                  72,                 nan,                 nan,                 nan,                   0,                   0,                   0,                   0,                 nan,                 nan,                 nan,            0.007657,            0.007657,            0.007657
                  73,                 nan,                 nan,                 nan,                   0,                   0,                   0,                   0,                 nan,                 nan,                 nan,            0.007624,            0.007624,            0.007624
                  74,                 nan,                 nan,                 nan,                   0,                   0,                   0,                   0,                 nan,                 nan,                 nan,            0.007591,            0.007591,            0.007591
                  75,                 nan,                 nan,                 nan,                   0,                   0,                   0,                   0,                 nan,                 nan,                 nan,            0.007558,            0.007558,            0.007558
                  76,                 nan,                 nan,                 nan,                   0,                   0,                   0,                   0,                 nan,                 nan,                 nan,            0.007525,            0.007525,            0.007525
                  77,                 nan,                 nan,                 nan,                   0,                   0,                   0,                   0,                 nan,                 nan,                 nan,            0.007492,            0.007492,            0.007492
                  78,                 nan,                 nan,                 nan,                   0,                   0,                   0,                   0,                 nan,                 nan,                 nan,            0.007459,            0.007459,            0.007459
                  79,                 nan,                 nan,                 nan,                   0,                   0,                   0,                   0,                 nan,                 nan,                 nan,            0.007426,            0.007426,            0.007426
                  80,                 nan,                 nan,                 nan,                   0,                   0,                   0,                   0,                 nan,                 nan,                 nan,            0.007393,            0.007393,            0.007393
                  81,                 nan,                 nan,                 nan,                   0,                   0,                   0,                   0,                 nan,                 nan,                 nan,             0.00736,             0.00736,             0.00736
                  82,                 nan,                 nan,                 nan,                   0,                   0,                   0,                   0,                 nan,                 nan,                 nan,            0.007327,            0.007327,            0.007327
                  83,                 nan,                 nan,                 nan,                   0,                   0,                   0,                   0,                 nan,                 nan,                 nan,            0.007294,            0.007294,            0.007294
                  84,                 nan,                 nan,                 nan,                   0,                   0,                   0,                   0,                 nan,                 nan,                 nan,            0.007261,            0.007261,            0.007261
                  85,                 nan,                 nan,                 nan,                   0,                   0,                   0,                   0,                 nan,                 nan,                 nan,            0.007228,            0.007228,            0.007228
                  86,                 nan,                 nan,                 nan,                   0,                   0,                   0,                   0,                 nan,                 nan,                 nan,            0.007195,            0.007195,            0.007195
                  87,                 nan,                 nan,                 nan,                   0,                   0,                   0,                   0,                 nan,                 nan,                 nan,            0.007162,            0.007162,            0.007162
                  88,                 nan,                 nan,                 nan,                   0,                   0,                   0,                   0,                 nan,                 nan,                 nan,            0.007129,            0.007129,            0.007129
                  89,                 nan,                 nan,                 nan,                   0,                   0,                   0,                   0,                 nan,                 nan,                 nan,            0.007096,            0.007096,            0.007096
                  90,                 nan,                 nan,                 nan,                   0,                   0,                   0,                   0,                 nan,                 nan,                 nan,            0.007063,            0.007063,            0.007063
                  91,                 nan,                 nan,                 nan,                   0,                   0,                   0,                   0,                 nan,                 nan,                 nan,             0.00703,             0.00703,             0.00703
                  92,                 nan,                 nan,                 nan,                   0,                   0,                   0,                   0,                 nan,                 nan,                 nan,            0.006997,            0.006997,            0.006997
                  93,                 nan,                 nan,                 nan,                   0,                   0,                   0,                   0,                 nan,                 nan,                 nan,            0.006964,            0.006964,            0.006964
                  94,                 nan,                 nan,                 nan,                   0,                   0,                   0,                   0,                 nan,                 nan,                 nan,            0.006931,            0.006931,            0.006931
                  95,                 nan,                 nan,                 nan,                   0,                   0,                   0,                   0,                 nan,                 nan,                 nan,            0.006898,            0.006898,            0.006898
                  96,                 nan,                 nan,                 nan,                   0,                   0,                   0,                   0,                 nan,                 nan,                 nan,            0.006865,            0.006865,            0.006865
                  97,                 nan,                 nan,                 nan,                   0,                   0,                   0,                   0,                 nan,                 nan,                 nan,            0.006832,            0.006832,            0.006832
                  98,                 nan,                 nan,                 nan,                   0,                   0,                   0,                   0,                 nan,                 nan,                 nan,            0.006799,            0.006799,            0.006799
                  99,                 nan,                 nan,                 nan,                   0,                   0,                   0,                   0,                 nan,                 nan,                 nan,            0.006766,            0.006766,            0.006766
                 100,                 nan,                 nan,                 nan,                   0,                   0,                   0,                   0,                 nan,                 nan,                 nan,            0.006733,            0.006733,            0.006733
                 101,                 nan,                 nan,                 nan,                   0,                   0,                   0,                   0,                 nan,                 nan,                 nan,              0.0067,              0.0067,              0.0067
                 102,                 nan,                 nan,                 nan,                   0,                   0,                   0,                   0,                 nan,                 nan,                 nan,            0.006667,            0.006667,            0.006667
                 103,                 nan,                 nan,                 nan,                   0,                   0,                   0,                   0,                 nan,                 nan,                 nan,            0.006634,            0.006634,            0.006634
                 104,                 nan,                 nan,                 nan,                   0,                   0,                   0,                   0,                 nan,                 nan,                 nan,            0.006601,            0.006601,            0.006601
                 105,                 nan,                 nan,                 nan,                   0,                   0,                   0,                   0,                 nan,                 nan,                 nan,            0.006568,            0.006568,            0.006568
                 106,                 nan,                 nan,                 nan,                   0,                   0,                   0,                   0,                 nan,                 nan,                 nan,            0.006535,            0.006535,            0.006535
                 107,                 nan,                 nan,                 nan,                   0,                   0,                   0,                   0,                 nan,                 nan,                 nan,            0.006502,            0.006502,            0.006502
                 108,                 nan,                 nan,                 nan,                   0,                   0,                   0,                   0,                 nan,                 nan,                 nan,            0.006469,            0.006469,            0.006469
                 109,                 nan,                 nan,                 nan,                   0,                   0,                   0,                   0,                 nan,                 nan,                 nan,            0.006436,            0.006436,            0.006436
                 110,                 nan,                 nan,                 nan,                   0,                   0,                   0,                   0,                 nan,                 nan,                 nan,            0.006403,            0.006403,            0.006403
                 111,                 nan,                 nan,                 nan,                   0,                   0,                   0,                   0,                 nan,                 nan,                 nan,             0.00637,             0.00637,             0.00637
                 112,                 nan,                 nan,                 nan,                   0,                   0,                   0,                   0,                 nan,                 nan,                 nan,            0.006337,            0.006337,            0.006337
                 113,                 nan,                 nan,                 nan,                   0,                   0,                   0,                   0,                 nan,                 nan,                 nan,            0.006304,            0.006304,            0.006304
                 114,                 nan,                 nan,                 nan,                   0,                   0,                   0,                   0,                 nan,                 nan,                 nan,            0.006271,            0.006271,            0.006271
                 115,                 nan,                 nan,                 nan,                   0,                   0,                   0,                   0,                 nan,                 nan,                 nan,            0.006238,            0.006238,            0.006238
                 116,                 nan,                 nan,                 nan,                   0,                   0,                   0,                   0,                 nan,                 nan,                 nan,            0.006205,            0.006205,            0.006205
                 117,                 nan,                 nan,                 nan,                   0,                   0,                   0,                   0,                 nan,                 nan,                 nan,            0.006172,            0.006172,            0.006172
                 118,                 nan,                 nan,                 nan,                   0,                   0,                   0,                   0,                 nan,                 nan,                 nan,            0.006139,            0.006139,            0.006139
                 119,                 nan,                 nan,                 nan,                   0,                   0,                   0,                   0,                 nan,                 nan,                 nan,            0.006106,            0.006106,            0.006106
                 120,                 nan,                 nan,                 nan,                   0,                   0,                   0,                   0,                 nan,                 nan,                 nan,            0.006073,            0.006073,            0.006073
                 121,                 nan,                 nan,                 nan,                   0,                   0,                   0,                   0,                 nan,                 nan,                 nan,             0.00604,             0.00604,             0.00604
                 122,                 nan,                 nan,                 nan,                   0,                   0,                   0,                   0,                 nan,                 nan,                 nan,            0.006007,            0.006007,            0.006007
                 123,                 nan,                 nan,                 nan,                   0,                   0,                   0,                   0,                 nan,                 nan,                 nan,            0.005974,            0.005974,            0.005974
                 124,                 nan,                 nan,                 nan,                   0,                   0,                   0,                   0,                 nan,                 nan,                 nan,            0.005941,            0.005941,            0.005941
                 125,                 nan,                 nan,                 nan,                   0,                   0,                   0,                   0,                 nan,                 nan,                 nan,            0.005908,            0.005908,            0.005908
                 126,                 nan,                 nan,                 nan,                   0,                   0,                   0,                   0,                 nan,                 nan,                 nan,            0.005875,            0.005875,            0.005875
                 127,                 nan,                 nan,                 nan,                   0,                   0,                   0,                   0,                 nan,                 nan,                 nan,            0.005842,            0.005842,            0.005842
                 128,                 nan,                 nan,                 nan,                   0,                   0,                   0,                   0,                 nan,                 nan,                 nan,            0.005809,            0.005809,            0.005809
                 129,                 nan,                 nan,                 nan,                   0,                   0,                   0,                   0,                 nan,                 nan,                 nan,            0.005776,            0.005776,            0.005776
                 130,                 nan,                 nan,                 nan,                   0,                   0,                   0,                   0,                 nan,                 nan,                 nan,            0.005743,            0.005743,            0.005743
                 131,                 nan,                 nan,                 nan,                   0,                   0,                   0,                   0,                 nan,                 nan,                 nan,             0.00571,             0.00571,             0.00571
                 132,                 nan,                 nan,                 nan,                   0,                   0,                   0,                   0,                 nan,                 nan,                 nan,            0.005677,            0.005677,            0.005677
                 133,                 nan,                 nan,                 nan,                   0,                   0,                   0,                   0,                 nan,                 nan,                 nan,            0.005644,            0.005644,            0.005644
                 134,                 nan,                 nan,                 nan,                   0,                   0,                   0,                   0,                 nan,                 nan,                 nan,            0.005611,            0.005611,            0.005611
                 135,                 nan,                 nan,                 nan,                   0,                   0,                   0,                   0,                 nan,                 nan,                 nan,            0.005578,            0.005578,            0.005578
                 136,                 nan,                 nan,                 nan,                   0,                   0,                   0,                   0,                 nan,                 nan,                 nan,            0.005545,            0.005545,            0.005545
                 137,                 nan,                 nan,                 nan,                   0,                   0,                   0,                   0,                 nan,                 nan,                 nan,            0.005512,            0.005512,            0.005512
                 138,                 nan,                 nan,                 nan,                   0,                   0,                   0,                   0,                 nan,                 nan,                 nan,            0.005479,            0.005479,            0.005479
                 139,                 nan,                 nan,                 nan,                   0,                   0,                   0,                   0,                 nan,                 nan,                 nan,            0.005446,            0.005446,            0.005446
                 140,                 nan,                 nan,                 nan,                   0,                   0,                   0,                   0,                 nan,                 nan,                 nan,            0.005413,            0.005413,            0.005413
                 141,                 nan,                 nan,                 nan,                   0,                   0,                   0,                   0,                 nan,                 nan,                 nan,             0.00538,             0.00538,             0.00538
                 142,                 nan,                 nan,                 nan,                   0,                   0,                   0,                   0,                 nan,                 nan,                 nan,            0.005347,            0.005347,            0.005347
                 143,                 nan,                 nan,                 nan,                   0,                   0,                   0,                   0,                 nan,                 nan,                 nan,            0.005314,            0.005314,            0.005314
                 144,                 nan,                 nan,                 nan,                   0,                   0,                   0,                   0,                 nan,                 nan,                 nan,            0.005281,            0.005281,            0.005281
                 145,                 nan,                 nan,                 nan,                   0,                   0,                   0,                   0,                 nan,                 nan,                 nan,            0.005248,            0.005248,            0.005248
                 146,                 nan,                 nan,                 nan,                   0,                   0,                   0,                   0,                 nan,                 nan,                 nan,            0.005215,            0.005215,            0.005215
                 147,                 nan,                 nan,                 nan,                   0,                   0,                   0,                   0,                 nan,                 nan,                 nan,            0.005182,            0.005182,            0.005182
                 148,                 nan,                 nan,                 nan,                   0,                   0,                   0,                   0,                 nan,                 nan,                 nan,            0.005149,            0.005149,            0.005149
                 149,                 nan,                 nan,                 nan,                   0,                   0,                   0,                   0,                 nan,                 nan,                 nan,            0.005116,            0.005116,            0.005116
                 150,                 nan,                 nan,                 nan,                   0,                   0,                   0,                   0,                 nan,                 nan,                 nan,            0.005083,            0.005083,            0.005083
                 151,                 nan,                 nan,                 nan,                   0,                   0,                   0,                   0,                 nan,                 nan,                 nan,             0.00505,             0.00505,             0.00505
                 152,                 nan,                 nan,                 nan,                   0,                   0,                   0,                   0,                 nan,                 nan,                 nan,            0.005017,            0.005017,            0.005017
                 153,                 nan,                 nan,                 nan,                   0,                   0,                   0,                   0,                 nan,                 nan,                 nan,            0.004984,            0.004984,            0.004984
                 154,                 nan,                 nan,                 nan,                   0,                   0,                   0,                   0,                 nan,                 nan,                 nan,            0.004951,            0.004951,            0.004951
                 155,                 nan,                 nan,                 nan,                   0,                   0,                   0,                   0,                 nan,                 nan,                 nan,            0.004918,            0.004918,            0.004918
                 156,                 nan,                 nan,                 nan,                   0,                   0,                   0,                   0,                 nan,                 nan,                 nan,            0.004885,            0.004885,            0.004885
                 157,                 nan,                 nan,                 nan,                   0,                   0,                   0,                   0,                 nan,                 nan,                 nan,            0.004852,            0.004852,            0.004852
                 158,                 nan,                 nan,                 nan,                   0,                   0,                   0,                   0,                 nan,                 nan,                 nan,            0.004819,            0.004819,            0.004819
                 159,                 nan,                 nan,                 nan,                   0,                   0,                   0,                   0,                 nan,                 nan,                 nan,            0.004786,            0.004786,            0.004786
                 160,                 nan,                 nan,                 nan,                   0,                   0,                   0,                   0,                 nan,                 nan,                 nan,            0.004753,            0.004753,            0.004753
                 161,                 nan,                 nan,                 nan,                   0,                   0,                   0,                   0,                 nan,                 nan,                 nan,             0.00472,             0.00472,             0.00472
                 162,                 nan,                 nan,                 nan,                   0,                   0,                   0,                   0,                 nan,                 nan,                 nan,            0.004687,            0.004687,            0.004687
                 163,                 nan,                 nan,                 nan,                   0,                   0,                   0,                   0,                 nan,                 nan,                 nan,            0.004654,            0.004654,            0.004654
                 164,                 nan,                 nan,                 nan,                   0,                   0,                   0,                   0,                 nan,                 nan,                 nan,            0.004621,            0.004621,            0.004621
                 165,                 nan,                 nan,                 nan,                   0,                   0,                   0,                   0,                 nan,                 nan,                 nan,            0.004588,            0.004588,            0.004588
                 166,                 nan,                 nan,                 nan,                   0,                   0,                   0,                   0,                 nan,                 nan,                 nan,            0.004555,            0.004555,            0.004555
                 167,                 nan,                 nan,                 nan,                   0,                   0,                   0,                   0,                 nan,                 nan,                 nan,            0.004522,            0.004522,            0.004522
                 168,                 nan,                 nan,                 nan,                   0,                   0,                   0,                   0,                 nan,                 nan,                 nan,            0.004489,            0.004489,            0.004489
                 169,                 nan,                 nan,                 nan,                   0,                   0,                   0,                   0,                 nan,                 nan,                 nan,            0.004456,            0.004456,            0.004456
                 170,                 nan,                 nan,                 nan,                   0,                   0,                   0,                   0,                 nan,                 nan,                 nan,            0.004423,            0.004423,            0.004423
                 171,                 nan,                 nan,                 nan,                   0,                   0,                   0,                   0,                 nan,                 nan,                 nan,             0.00439,             0.00439,             0.00439
                 172,                 nan,                 nan,                 nan,                   0,                   0,                   0,                   0,                 nan,                 nan,                 nan,            0.004357,            0.004357,            0.004357
                 173,                 nan,                 nan,                 nan,                   0,                   0,                   0,                   0,                 nan,                 nan,                 nan,            0.004324,            0.004324,            0.004324
                 174,                 nan,                 nan,                 nan,                   0,                   0,                   0,                   0,                 nan,                 nan,                 nan,            0.004291,            0.004291,            0.004291
                 175,                 nan,                 nan,                 nan,                   0,                   0,                   0,                   0,                 nan,                 nan,                 nan,            0.004258,            0.004258,            0.004258
                 176,                 nan,                 nan,                 nan,                   0,                   0,                   0,                   0,                 nan,                 nan,                 nan,            0.004225,            0.004225,            0.004225
                 177,                 nan,                 nan,                 nan,                   0,                   0,                   0,                   0,                 nan,                 nan,                 nan,            0.004192,            0.004192,            0.004192
                 178,                 nan,                 nan,                 nan,                   0,                   0,                   0,                   0,                 nan,                 nan,                 nan,            0.004159,            0.004159,            0.004159
                 179,                 nan,                 nan,                 nan,                   0,                   0,                   0,                   0,                 nan,                 nan,                 nan,            0.004126,            0.004126,            0.004126
                 180,                 nan,                 nan,                 nan,                   0,                   0,                   0,                   0,                 nan,                 nan,                 nan,            0.004093,            0.004093,            0.004093
                 181,                 nan,                 nan,                 nan,                   0,                   0,                   0,                   0,                 nan,                 nan,                 nan,             0.00406,             0.00406,             0.00406
                 182,                 nan,                 nan,                 nan,                   0,                   0,                   0,                   0,                 nan,                 nan,                 nan,            0.004027,            0.004027,            0.004027
                 183,                 nan,                 nan,                 nan,                   0,                   0,                   0,                   0,                 nan,                 nan,                 nan,            0.003994,            0.003994,            0.003994
                 184,                 nan,                 nan,                 nan,                   0,                   0,                   0,                   0,                 nan,                 nan,                 nan,            0.003961,            0.003961,            0.003961
                 185,                 nan,                 nan,                 nan,                   0,                   0,                   0,                   0,                 nan,                 nan,                 nan,            0.003928,            0.003928,            0.003928
                 186,                 nan,                 nan,                 nan,                   0,                   0,                   0,                   0,                 nan,                 nan,                 nan,            0.003895,            0.003895,            0.003895
                 187,                 nan,                 nan,                 nan,                   0,                   0,                   0,                   0,                 nan,                 nan,                 nan,            0.003862,            0.003862,            0.003862
                 188,                 nan,                 nan,                 nan,                   0,                   0,                   0,                   0,                 nan,                 nan,                 nan,            0.003829,            0.003829,            0.003829
                 189,                 nan,                 nan,                 nan,                   0,                   0,                   0,                   0,                 nan,                 nan,                 nan,            0.003796,            0.003796,            0.003796
                 190,                 nan,                 nan,                 nan,                   0,                   0,                   0,                   0,                 nan,                 nan,                 nan,            0.003763,            0.003763,            0.003763
                 191,                 nan,                 nan,                 nan,                   0,                   0,                   0,                   0,                 nan,                 nan,                 nan,             0.00373,             0.00373,             0.00373
                 192,                 nan,                 nan,                 nan,                   0,                   0,                   0,                   0,                 nan,                 nan,                 nan,            0.003697,            0.003697,            0.003697
                 193,                 nan,                 nan,                 nan,                   0,                   0,                   0,                   0,                 nan,                 nan,                 nan,            0.003664,            0.003664,            0.003664
                 194,                 nan,                 nan,                 nan,                   0,                   0,                   0,                   0,                 nan,                 nan,                 nan,            0.003631,            0.003631,            0.003631
                 195,                 nan,                 nan,                 nan,                   0,                   0,                   0,                   0,                 nan,                 nan,                 nan,            0.003598,            0.003598,            0.003598
                 196,                 nan,                 nan,                 nan,                   0,                   0,                   0,                   0,                 nan,                 nan,                 nan,            0.003565,            0.003565,            0.003565
                 197,                 nan,                 nan,                 nan,                   0,                   0,                   0,                   0,                 nan,                 nan,                 nan,            0.003532,            0.003532,            0.003532
                 198,                 nan,                 nan,                 nan,                   0,                   0,                   0,                   0,                 nan,                 nan,                 nan,            0.003499,            0.003499,            0.003499
                 199,                 nan,                 nan,                 nan,                   0,                   0,                   0,                   0,                 nan,                 nan,                 nan,            0.003466,            0.003466,            0.003466
                 200,                 nan,                 nan,                 nan,                   0,                   0,                   0,                   0,                 nan,                 nan,                 nan,            0.003433,            0.003433,            0.003433
                 201,                 nan,                 nan,                 nan,                   0,                   0,                   0,                   0,                 nan,                 nan,                 nan,              0.0034,              0.0034,              0.0034
                 202,                 nan,                 nan,                 nan,                   0,                   0,                   0,                   0,                 nan,                 nan,                 nan,            0.003367,            0.003367,            0.003367
                 203,                 nan,                 nan,                 nan,                   0,                   0,                   0,                   0,                 nan,                 nan,                 nan,            0.003334,            0.003334,            0.003334
                 204,                 nan,                 nan,                 nan,                   0,                   0,                   0,                   0,                 nan,                 nan,                 nan,            0.003301,            0.003301,            0.003301
                 205,                 nan,                 nan,                 nan,                   0,                   0,                   0,                   0,                 nan,                 nan,                 nan,            0.003268,            0.003268,            0.003268
                 206,                 nan,                 nan,                 nan,                   0,                   0,                   0,                   0,                 nan,                 nan,                 nan,            0.003235,            0.003235,            0.003235
                 207,                 nan,                 nan,                 nan,                   0,                   0,                   0,                   0,                 nan,                 nan,                 nan,            0.003202,            0.003202,            0.003202
                 208,                 nan,                 nan,                 nan,                   0,                   0,                   0,                   0,                 nan,                 nan,                 nan,            0.003169,            0.003169,            0.003169
                 209,                 nan,                 nan,                 nan,                   0,                   0,                   0,                   0,                 nan,                 nan,                 nan,            0.003136,            0.003136,            0.003136
                 210,                 nan,                 nan,                 nan,                   0,                   0,                   0,                   0,                 nan,                 nan,                 nan,            0.003103,            0.003103,            0.003103
                 211,                 nan,                 nan,                 nan,                   0,                   0,                   0,                   0,                 nan,                 nan,                 nan,             0.00307,             0.00307,             0.00307
                 212,                 nan,                 nan,                 nan,                   0,                   0,                   0,                   0,                 nan,                 nan,                 nan,            0.003037,            0.003037,            0.003037
                 213,                 nan,                 nan,                 nan,                   0,                   0,                   0,                   0,                 nan,                 nan,                 nan,            0.003004,            0.003004,            0.003004
                 214,                 nan,                 nan,                 nan,                   0,                   0,                   0,                   0,                 nan,                 nan,                 nan,            0.002971,            0.002971,            0.002971
                 215,                 nan,                 nan,                 nan,                   0,                   0,                   0,                   0,                 nan,                 nan,                 nan,            0.002938,            0.002938,            0.002938
                 216,                 nan,                 nan,                 nan,                   0,                   0,                   0,                   0,                 nan,                 nan,                 nan,            0.002905,            0.002905,            0.002905
                 217,                 nan,                 nan,                 nan,                   0,                   0,                   0,                   0,                 nan,                 nan,                 nan,            0.002872,            0.002872,            0.002872
                 218,                 nan,                 nan,                 nan,                   0,                   0,                   0,                   0,                 nan,                 nan,                 nan,            0.002839,            0.002839,            0.002839
                 219,                 nan,                 nan,                 nan,                   0,                   0,                   0,                   0,                 nan,                 nan,                 nan,            0.002806,            0.002806,            0.002806
                 220,                 nan,                 nan,                 nan,                   0,                   0,                   0,                   0,                 nan,                 nan,                 nan,            0.002773,            0.002773,            0.002773
                 221,                 nan,                 nan,                 nan,                   0,                   0,                   0,                   0,                 nan,                 nan,                 nan,             0.00274,             0.00274,             0.00274
                 222,                 nan,                 nan,                 nan,                   0,                   0,                   0,                   0,                 nan,                 nan,                 nan,            0.002707,            0.002707,            0.002707
                 223,                 nan,                 nan,                 nan,                   0,                   0,                   0,                   0,                 nan,                 nan,                 nan,            0.002674,            0.002674,            0.002674
                 224,                 nan,                 nan,                 nan,                   0,                   0,                   0,                   0,                 nan,                 nan,                 nan,            0.002641,            0.002641,            0.002641
                 225,                 nan,                 nan,                 nan,                   0,                   0,                   0,                   0,                 nan,                 nan,                 nan,            0.002608,            0.002608,            0.002608
                 226,                 nan,                 nan,                 nan,                   0,                   0,                   0,                   0,                 nan,                 nan,                 nan,            0.002575,            0.002575,            0.002575
                 227,                 nan,                 nan,                 nan,                   0,                   0,                   0,                   0,                 nan,                 nan,                 nan,            0.002542,            0.002542,            0.002542
                 228,                 nan,                 nan,                 nan,                   0,                   0,                   0,                   0,                 nan,                 nan,                 nan,            0.002509,            0.002509,            0.002509
                 229,                 nan,                 nan,                 nan,                   0,                   0,                   0,                   0,                 nan,                 nan,                 nan,            0.002476,            0.002476,            0.002476
                 230,                 nan,                 nan,                 nan,                   0,                   0,                   0,                   0,                 nan,                 nan,                 nan,            0.002443,            0.002443,            0.002443
                 231,                 nan,                 nan,                 nan,                   0,                   0,                   0,                   0,                 nan,                 nan,                 nan,             0.00241,             0.00241,             0.00241
                 232,                 nan,                 nan,                 nan,                   0,                   0,                   0,                   0,                 nan,                 nan,                 nan,            0.002377,            0.002377,            0.002377
                 233,                 nan,                 nan,                 nan,                   0,                   0,                   0,                   0,                 nan,                 nan,                 nan,            0.002344,            0.002344,            0.002344
                 234,                 nan,                 nan,                 nan,                   0,                   0,                   0,                   0,                 nan,                 nan,                 nan,            0.002311,            0.002311,            0.002311
                 235,                 nan,                 nan,                 nan,                   0,                   0,                   0,                   0,                 nan,                 nan,                 nan,            0.002278,            0.002278,            0.002278
                 236,                 nan,                 nan,                 nan,                   0,                   0,                   0,                   0,                 nan,                 nan,                 nan,            0.002245,            0.002245,            0.002245
                 237,                 nan,                 nan,                 nan,                   0,                   0,                   0,                   0,                 nan,                 nan,                 nan,            0.002212,            0.002212,            0.002212
                 238,                 nan,                 nan,                 nan,                   0,                   0,                   0,                   0,                 nan,                 nan,                 nan,            0.002179,            0.002179,            0.002179
                 239,                 nan,                 nan,                 nan,                   0,                   0,                   0,                   0,                 nan,                 nan,                 nan,            0.002146,            0.002146,            0.002146
                 240,                 nan,                 nan,                 nan,                   0,                   0,                   0,                   0,                 nan,                 nan,                 nan,            0.002113,            0.002113,            0.002113
                 241,                 nan,                 nan,                 nan,                   0,                   0,                   0,                   0,                 nan,                 nan,                 nan,             0.00208,             0.00208,             0.00208
                 242,                 nan,                 nan,                 nan,                   0,                   0,                   0,                   0,                 nan,                 nan,                 nan,            0.002047,            0.002047,            0.002047
                 243,                 nan,                 nan,                 nan,                   0,                   0,                   0,                   0,                 nan,                 nan,                 nan,            0.002014,            0.002014,            0.002014
                 244,                 nan,                 nan,                 nan,                   0,                   0,                   0,                   0,                 nan,                 nan,                 nan,            0.001981,            0.001981,            0.001981
                 245,                 nan,                 nan,                 nan,                   0,                   0,                   0,                   0,                 nan,                 nan,                 nan,            0.001948,            0.001948,            0.001948
                 246,                 nan,                 nan,                 nan,                   0,                   0,                   0,                   0,                 nan,                 nan,                 nan,            0.001915,            0.001915,            0.001915
                 247,                 nan,                 nan,                 nan,                   0,                   0,                   0,                   0,                 nan,                 nan,                 nan,            0.001882,            0.001882,            0.001882
                 248,                 nan,                 nan,                 nan,                   0,                   0,                   0,                   0,                 nan,                 nan,                 nan,            0.001849,            0.001849,            0.001849
                 249,                 nan,                 nan,                 nan,                   0,                   0,                   0,                   0,                 nan,                 nan,                 nan,            0.001816,            0.001816,            0.001816
                 250,                 nan,                 nan,                 nan,                   0,                   0,                   0,                   0,                 nan,                 nan,                 nan,            0.001783,            0.001783,            0.001783
                 251,                 nan,                 nan,                 nan,                   0,                   0,                   0,                   0,                 nan,                 nan,                 nan,             0.00175,             0.00175,             0.00175
                 252,                 nan,                 nan,                 nan,                   0,                   0,                   0,                   0,                 nan,                 nan,                 nan,            0.001717,            0.001717,            0.001717
                 253,                 nan,                 nan,                 nan,                   0,                   0,                   0,                   0,                 nan,                 nan,                 nan,            0.001684,            0.001684,            0.001684
                 254,                 nan,                 nan,                 nan,                   0,                   0,                   0,                   0,                 nan,                 nan,                 nan,            0.001651,            0.001651,            0.001651
                 255,                 nan,                 nan,                 nan,                   0,                   0,                   0,                   0,                 nan,                 nan,                 nan,            0.001618,            0.001618,            0.001618
                 256,                 nan,                 nan,                 nan,                   0,                   0,                   0,                   0,                 nan,                 nan,                 nan,            0.001585,            0.001585,            0.001585
                 257,                 nan,                 nan,                 nan,                   0,                   0,                   0,                   0,                 nan,                 nan,                 nan,            0.001552,            0.001552,            0.001552
                 258,                 nan,                 nan,                 nan,                   0,                   0,                   0,                   0,                 nan,                 nan,                 nan,            0.001519,            0.001519,            0.001519
                 259,                 nan,                 nan,                 nan,                   0,                   0,                   0,                   0,                 nan,                 nan,                 nan,            0.001486,            0.001486,            0.001486
                 260,                 nan,                 nan,                 nan,                   0,                   0,                   0,                   0,                 nan,                 nan,                 nan,            0.001453,            0.001453,            0.001453
                 261,                 nan,                 nan,                 nan,                   0,                   0,                   0,                   0,                 nan,                 nan,                 nan,             0.00142,             0.00142,             0.00142
                 262,                 nan,                 nan,                 nan,                   0,                   0,                   0,                   0,                 nan,                 nan,                 nan,            0.001387,            0.001387,            0.001387
                 263,                 nan,                 nan,                 nan,                   0,                   0,                   0,                   0,                 nan,                 nan,                 nan,            0.001354,            0.001354,            0.001354
                 264,                 nan,                 nan,                 nan,                   0,                   0,                   0,                   0,                 nan,                 nan,                 nan,            0.001321,            0.001321,            0.001321
                 265,                 nan,                 nan,                 nan,                   0,                   0,                   0,                   0,                 nan,                 nan,                 nan,            0.001288,            0.001288,            0.001288
                 266,                 nan,                 nan,                 nan,                   0,                   0,                   0,                   0,                 nan,                 nan,                 nan,            0.001255,            0.001255,            0.001255
                 267,                 nan,                 nan,                 nan,                   0,                   0,                   0,                   0,                 nan,                 nan,                 nan,            0.001222,            0.001222,            0.001222
                 268,                 nan,                 nan,                 nan,                   0,                   0,                   0,                   0,                 nan,                 nan,                 nan,            0.001189,            0.001189,            0.001189
                 269,                 nan,                 nan,                 nan,                   0,                   0,                   0,                   0,                 nan,                 nan,                 nan,            0.001156,            0.001156,            0.001156
                 270,                 nan,                 nan,                 nan,                   0,                   0,                   0,                   0,                 nan,                 nan,                 nan,            0.001123,            0.001123,            0.001123
                 271,                 nan,                 nan,                 nan,                   0,                   0,                   0,                   0,                 nan,                 nan,                 nan,             0.00109,             0.00109,             0.00109
                 272,                 nan,                 nan,                 nan,                   0,                   0,                   0,                   0,                 nan,                 nan,                 nan,            0.001057,            0.001057,            0.001057
                 273,                 nan,                 nan,                 nan,                   0,                   0,                   0,                   0,                 nan,                 nan,                 nan,            0.001024,            0.001024,            0.001024
                 274,                 nan,                 nan,                 nan,                   0,                   0,                   0,                   0,                 nan,                 nan,                 nan,            0.000991,            0.000991,            0.000991
                 275,                 nan,                 nan,                 nan,                   0,                   0,                   0,                   0,                 nan,                 nan,                 nan,            0.000958,            0.000958,            0.000958
                 276,                 nan,                 nan,                 nan,                   0,                   0,                   0,                   0,                 nan,                 nan,                 nan,            0.000925,            0.000925,            0.000925
                 277,                 nan,                 nan,                 nan,                   0,                   0,                   0,                   0,                 nan,                 nan,                 nan,            0.000892,            0.000892,            0.000892
                 278,                 nan,                 nan,                 nan,                   0,                   0,                   0,                   0,                 nan,                 nan,                 nan,            0.000859,            0.000859,            0.000859
                 279,                 nan,                 nan,                 nan,                   0,                   0,                   0,                   0,                 nan,                 nan,                 nan,            0.000826,            0.000826,            0.000826
                 280,                 nan,                 nan,                 nan,                   0,                   0,                   0,                   0,                 nan,                 nan,                 nan,            0.000793,            0.000793,            0.000793
                 281,                 nan,                 nan,                 nan,                   0,                   0,                   0,                   0,                 nan,                 nan,                 nan,             0.00076,             0.00076,             0.00076
                 282,                 nan,                 nan,                 nan,                   0,                   0,                   0,                   0,                 nan,                 nan,                 nan,            0.000727,            0.000727,            0.000727
                 283,                 nan,                 nan,                 nan,                   0,                   0,                   0,                   0,                 nan,                 nan,                 nan,            0.000694,            0.000694,            0.000694
                 284,                 nan,                 nan,                 nan,                   0,                   0,                   0,                   0,                 nan,                 nan,                 nan,            0.000661,            0.000661,            0.000661
                 285,                 nan,                 nan,                 nan,                   0,                   0,                   0,                   0,                 nan,                 nan,                 nan,            0.000628,            0.000628,            0.000628
                 286,                 nan,                 nan,                 nan,                   0,                   0,                   0,                   0,                 nan,                 nan,                 nan,            0.000595,            0.000595,            0.000595
                 287,                 nan,                 nan,                 nan,                   0,                   0,                   0,                   0,                 nan,                 nan,                 nan,            0.000562,            0.000562,            0.000562
                 288,                 nan,                 nan,                 nan,                   0,                   0,                   0,                   0,                 nan,                 nan,                 nan,            0.000529,            0.000529,            0.000529
                 289,                 nan,                 nan,                 nan,                   0,                   0,                   0,                   0,                 nan,                 nan,                 nan,            0.000496,            0.000496,            0.000496
                 290,                 nan,                 nan,                 nan,                   0,                   0,                   0,                   0,                 nan,                 nan,                 nan,            0.000463,            0.000463,            0.000463
                 291,                 nan,                 nan,                 nan,                   0,                   0,                   0,                   0,                 nan,                 nan,                 nan,             0.00043,             0.00043,             0.00043
                 292,                 nan,                 nan,                 nan,                   0,                   0,                   0,                   0,                 nan,                 nan,                 nan,            0.000397,            0.000397,            0.000397
                 293,                 nan,                 nan,                 nan,                   0,                   0,                   0,                   0,                 nan,                 nan,                 nan,            0.000364,            0.000364,            0.000364
                 294,                 nan,                 nan,                 nan,                   0,                   0,                   0,                   0,                 nan,                 nan,                 nan,            0.000331,            0.000331,            0.000331
                 295,                 nan,                 nan,                 nan,                   0,                   0,                   0,                   0,                 nan,                 nan,                 nan,            0.000298,            0.000298,            0.000298
                 296,                 nan,                 nan,                 nan,                   0,                   0,                   0,                   0,                 nan,                 nan,                 nan,            0.000265,            0.000265,            0.000265
                 297,                 nan,                 nan,                 nan,                   0,                   0,                   0,                   0,                 nan,                 nan,                 nan,            0.000232,            0.000232,            0.000232
                 298,                 nan,                 nan,                 nan,                   0,                   0,                   0,                   0,                 nan,                 nan,                 nan,            0.000199,            0.000199,            0.000199
                 299,                 nan,                 nan,                 nan,                   0,                   0,                   0,                   0,                 nan,                 nan,                 nan,            0.000166,            0.000166,            0.000166
